RPA0017,72968bb8-d1e4-45c0-903f-b0287016d926,WORKER - Giros BCI,2022-01-25T15:58:36.2922969-03:00
RPA0009,80618fb1-24ab-4e82-a152-66ebd8f6a8ba,WORKER - Garantias,2022-01-25T15:58:47.3514294-03:00
RPA0017,ad1457c7-8aac-4ab5-9957-bfca85e5c8dd,WORKER - Giros BCI,2022-01-25T16:00:39.0690823-03:00
RPA0017,a03fca8a-1f9f-4148-82c9-dad10b4aade3,WORKER - Giros BCI,2022-01-25T16:02:47.5845295-03:00
RPA0017,0aaf459b-ab78-4bfe-a9c0-a68728259a11,WORKER - Giros BCI,2022-01-25T16:04:44.7583598-03:00
RPA0017,174e2e65-9f74-4bdb-8cec-6c7bea2fb1c0,WORKER - Giros BCI,2022-01-25T16:08:14.184952-03:00
RPA0003,e1e9a0a2-f4a0-4b7b-84b8-201591677cd2,Actualizacion pizarra,2022-01-25T16:08:41.5375967-03:00
RPA0017,9fe1cf8e-1c11-4201-93d7-daadbff2c2bf,WORKER - Giros BCI,2022-01-25T16:10:56.3186152-03:00
RPA0017,299a0ca7-bb2b-45a9-b158-8a8c5184cbb0,WORKER - Giros BCI,2022-01-25T16:14:14.2542974-03:00
RPA0017,9889a6ce-79bd-4668-8683-c6d276e45c2a,WORKER - Giros BCI,2022-01-25T16:16:41.0978606-03:00
RPA0017,158226a6-33c4-4e67-b8d2-b8d58fd69968,WORKER - Giros BCI,2022-01-25T16:18:42.6721642-03:00
RPA0017,c1f92c62-6c5e-48d3-92cb-515d6a707416,WORKER - Giros BCI,2022-01-25T16:21:07.9858885-03:00
RPA0017,825b47f8-5fb5-4b6c-9db2-cf91a6632801,WORKER - Giros BCI,2022-01-25T16:23:55.3945378-03:00
RPA0017,d03805d5-89bc-41a4-9890-a442b8f95ac6,WORKER - Giros BCI,2022-01-25T16:26:59.5997496-03:00
RPA0017,4ff7f5af-301a-49ad-aca4-b3440c4307d5,WORKER - Giros BCI,2022-01-25T16:29:47.4831893-03:00
RPA0009,4c3f5c24-27b0-450f-81cd-fd8785ce2c2e,WORKER - Garantias,2022-01-25T16:30:42.7776137-03:00
RPA0017,aed1b24f-e875-4bcc-86fb-2e4428cc0b0d,WORKER - Giros BCI,2022-01-25T16:32:46.9603867-03:00
RPA0017,2d986ae2-60ae-4b46-b81a-ff8b46d416bf,WORKER - Giros BCI,2022-01-25T16:34:46.0834267-03:00
RPA0003,2c6a396b-e618-4e97-a25e-d75b2d32c463,Actualizacion pizarra,2022-01-25T16:34:57.3850164-03:00
RPA0009,4b2ed3d0-3e38-48df-8280-57019a192af9,WORKER - Garantias,2022-01-25T16:37:17.9334365-03:00
RPA0017,be12461a-5a84-4172-a560-594c22590b0a,WORKER - Giros BCI,2022-01-25T16:37:35.6878785-03:00
RPA0017,ddeaf494-b635-44df-818a-9638fbec1019,WORKER - Giros BCI,2022-01-25T16:40:03.2771815-03:00
RPA0019,9cc90410-6e6b-47a3-af76-73f4dad53fda,WORKER - Pagos Flow Individuales,2022-01-25T16:40:09.4602959-03:00
RPA0017,76addcc9-0a0e-404c-91a7-690759a18a2d,WORKER - Giros BCI,2022-01-25T16:43:00.0893391-03:00
RPA0017,3bfd9b8a-03a0-4110-b762-e135527889a9,WORKER - Giros BCI,2022-01-25T16:46:01.0749709-03:00
RPA0009,d75a60bc-8e4b-49d9-ad82-7169c3b472fe,WORKER - Garantias,2022-01-25T16:46:11.4078602-03:00
RPA0017,668e3b29-4d18-400f-a3a9-c42dcc5e523f,WORKER - Giros BCI,2022-01-25T16:48:36.1945285-03:00
RPA0017,cc8c4d7f-43e7-4382-a650-6b6e2bef8223,WORKER - Giros BCI,2022-01-25T16:50:52.0504803-03:00
RPA0009,0735ae7f-b774-4661-bf52-5525809bae7a,WORKER - Garantias,2022-01-25T16:52:46.5843161-03:00
RPA0017,428ca8f0-c647-4530-895c-b1f2b3adc69f,WORKER - Giros BCI,2022-01-25T16:54:04.5594033-03:00
RPA0017,b3122ba0-9008-48d2-a0da-2a2e4ed3020e,WORKER - Giros BCI,2022-01-25T16:57:14.7956974-03:00
RPA0009,748a4a07-57f8-4a85-8786-4e5de9172550,WORKER - Garantias,2022-01-25T17:00:09.83243-03:00
RPA0017,43665e33-45c7-496b-99f3-d41c294caf6b,WORKER - Giros BCI,2022-01-25T17:00:10.3819213-03:00
RPA0017,41b20af5-5b0d-46c7-811e-a50eacc42351,WORKER - Giros BCI,2022-01-25T17:03:10.7615708-03:00
RPA0017,975114f6-9c49-48e6-b65d-5685d4761f3c,WORKER - Giros BCI,2022-01-25T17:05:52.3729319-03:00
RPA0003,603f11eb-1877-4d94-a14a-a447f40d3af1,Actualizacion pizarra,2022-01-25T17:07:35.5756459-03:00
RPA0009,d3350c7f-a69b-4e4e-949d-329b67a6416d,WORKER - Garantias,2022-01-25T17:08:10.9689886-03:00
RPA0017,3ebbf2a8-a8a8-431e-82b9-2ad71d3b7df7,WORKER - Giros BCI,2022-01-25T17:08:52.471953-03:00
RPA0017,ce2e21a1-92a6-4a14-accf-48eb7fc2474f,WORKER - Giros BCI,2022-01-25T17:11:42.2597705-03:00
RPA0009,8a9cfb25-daf2-4de2-aa3b-06c1b8228c28,WORKER - Garantias,2022-01-25T17:12:15.1395729-03:00
RPA0017,4d8beb28-2eed-413a-b02d-fa2976cb6805,WORKER - Giros BCI,2022-01-25T17:13:46.3973485-03:00
RPA0017,6907febf-d8a4-438b-a1d0-b73f117c76e9,WORKER - Giros BCI,2022-01-25T17:16:48.7119763-03:00
RPA0009,a8bd301f-4b42-4b40-9371-4473e531619a,WORKER - Garantias,2022-01-25T17:16:49.8766766-03:00
RPA0017,d6d5eda6-45be-40e6-9451-686bd5dc484e,WORKER - Giros BCI,2022-01-25T17:19:58.8675605-03:00
RPA0017,4abf44a2-cb73-4376-9c65-e77528225b6a,WORKER - Giros BCI,2022-01-25T17:22:51.8370897-03:00
RPA0017,9f0decae-a714-4b35-8e5f-f830f427f399,WORKER - Giros BCI,2022-01-25T17:25:38.0075965-03:00
RPA0017,8d6dcab3-86b6-4ffc-a4c0-a483acf9e5c7,WORKER - Giros BCI,2022-01-25T17:27:49.5135816-03:00
RPA0009,78a02412-33bd-4d66-acdf-079f94164733,WORKER - Garantias,2022-01-25T17:29:09.3697626-03:00
RPA0017,dd3a7555-552a-4ecc-92c8-5b06ebbbee74,WORKER - Giros BCI,2022-01-25T17:29:41.8579808-03:00
RPA0017,a6ccb071-a377-41f7-baa8-67907e7c9a9d,WORKER - Giros BCI,2022-01-25T17:31:33.8142726-03:00
RPA0003,92d33cec-ab26-4a4f-a206-523f07ff5592,Actualizacion pizarra,2022-01-25T17:31:35.3489597-03:00
RPA0017,f559fd53-7d49-4f0d-a210-9bdfbf81810a,WORKER - Giros BCI,2022-01-25T17:33:50.239169-03:00
RPA0017,6b16a32c-ab3e-494e-ad68-07ec28ddd1f0,WORKER - Giros BCI,2022-01-25T17:36:39.4686328-03:00
RPA0009,4e1345c4-8200-4c5a-9ad6-0008a2f4c599,WORKER - Garantias,2022-01-25T17:37:42.3170641-03:00
RPA0017,78b0b354-5aae-4df3-a302-c7e0c7fa1627,WORKER - Giros BCI,2022-01-25T17:38:46.6073661-03:00
RPA0017,b51004d9-51d9-41bd-a130-0e35f179379e,WORKER - Giros BCI,2022-01-25T17:40:44.277686-03:00
RPA0017,7cde3017-bbd3-49f6-ac45-e1afd3684196,WORKER - Giros BCI,2022-01-25T17:43:34.7335599-03:00
RPA0017,ca3fba33-a3cd-4280-a466-dd3aef010711,WORKER - Giros BCI,2022-01-25T17:45:53.0410747-03:00
RPA0017,bb8516b3-0f00-4e2f-953e-23ee2b7d0132,WORKER - Giros BCI,2022-01-25T17:48:42.6436645-03:00
RPA0009,4397619f-b723-4092-92b8-a73c2ae7452f,WORKER - Garantias,2022-01-25T17:48:55.8595757-03:00
RPA0017,93606424-eaa5-46f7-a5e6-7b3026ecda6a,WORKER - Giros BCI,2022-01-25T17:50:41.9920291-03:00
RPA0017,54a134b7-8391-4fa9-afc1-463c334ce947,WORKER - Giros BCI,2022-01-25T17:52:58.7816066-03:00
RPA0003,51985098-6c0b-4870-84d2-60c9712dc66b,Actualizacion pizarra,2022-01-25T17:54:32.2230376-03:00
RPA0009,86277e3d-40f7-493b-937e-b5571194d724,WORKER - Garantias,2022-01-25T17:55:11.8126639-03:00
RPA0017,395972e2-9307-43a4-9e68-563122288026,WORKER - Giros BCI,2022-01-25T17:55:46.7679861-03:00
RPA0017,b1e3e5d3-d193-40e0-a4bd-de99f8613d13,WORKER - Giros BCI,2022-01-25T17:58:32.1510823-03:00
RPA0017,a98c2059-7012-41a6-8579-d8e1885e69bf,WORKER - Giros BCI,2022-01-25T18:00:58.6527277-03:00
RPA0009,f7b88e82-8f7a-4a76-82f1-0cd07f5c92a2,WORKER - Garantias,2022-01-25T18:03:22.4045464-03:00
RPA0017,87f33032-dc44-477a-a74e-09f2ba5d98c4,WORKER - Giros BCI,2022-01-25T18:03:43.9868059-03:00
RPA0017,7aafaaca-75a7-4088-8ccb-3e20106cf8f0,WORKER - Giros BCI,2022-01-25T18:05:43.9654184-03:00
RPA0017,19f193b4-5974-451d-a6f6-5db6d15f617f,WORKER - Giros BCI,2022-01-25T18:07:36.7021832-03:00
RPA0017,31de69d6-ec3b-4926-b426-0b29d8395e65,WORKER - Giros BCI,2022-01-25T18:09:41.0590678-03:00
RPA0017,b0d9058c-7c7f-40c3-a1ab-10e8a741386c,WORKER - Giros BCI,2022-01-25T18:11:46.5488227-03:00
RPA0009,cf7c4311-8efb-4b37-adc1-23043e6ee945,WORKER - Garantias,2022-01-25T18:12:37.798944-03:00
RPA0017,95877c48-fdf5-4108-911b-c4410b3df0d6,WORKER - Giros BCI,2022-01-25T18:13:41.7358497-03:00
RPA0017,56b909aa-6cb6-4380-9200-2cf1014a0a92,WORKER - Giros BCI,2022-01-25T18:15:42.2919125-03:00
RPA0009,dca56a0c-2816-45b6-aafd-34e062c8ab62,WORKER - Garantias,2022-01-25T18:16:42.9001965-03:00
RPA0017,b0fa1891-50eb-4625-8ad7-e0088cec12c1,WORKER - Giros BCI,2022-01-25T18:17:38.8522229-03:00
RPA0017,43b45ffe-616c-46e5-a455-fe710b7b7e86,WORKER - Giros BCI,2022-01-25T18:19:49.3767392-03:00
RPA0003,baa3876d-8e14-41c9-9f8e-1535207a413c,Actualizacion pizarra,2022-01-25T18:20:08.8513172-03:00
RPA0017,103c531e-f013-4093-a16b-2fd5e6044285,WORKER - Giros BCI,2022-01-25T18:22:38.1598617-03:00
RPA0017,58401de7-7811-4062-bce2-6a0b082a5a61,WORKER - Giros BCI,2022-01-25T18:24:37.9859777-03:00
RPA0017,378e610b-82f8-4a71-8d3f-801559c7a2a6,WORKER - Giros BCI,2022-01-25T18:27:05.1047584-03:00
RPA0017,05e2e423-ebd7-4cb3-9a58-0f7861f2cb6f,WORKER - Giros BCI,2022-01-25T18:29:49.0097419-03:00
RPA0017,cbf31205-2b0d-4172-9baa-360ebcd452aa,WORKER - Giros BCI,2022-01-25T18:32:43.398108-03:00
RPA0017,19f29422-643e-4610-b473-0ca36f3d99b5,WORKER - Giros BCI,2022-01-25T18:34:40.2549418-03:00
RPA0017,e279258a-c248-47fa-b37e-507dec2e61cb,WORKER - Giros BCI,2022-01-25T18:36:57.9340115-03:00
RPA0017,00455edb-c951-4169-80b3-a3f329d8c823,WORKER - Giros BCI,2022-01-25T18:39:36.8371506-03:00
RPA0017,25f64048-ab57-4265-873c-8cfa4efc9c10,WORKER - Giros BCI,2022-01-25T18:41:49.543839-03:00
RPA0017,782df0f5-e66f-4fae-be05-401e1f9d6463,WORKER - Giros BCI,2022-01-25T18:44:34.967338-03:00
RPA0017,b4a620bf-0fd8-4b91-bd60-32503d1a526d,WORKER - Giros BCI,2022-01-25T18:46:54.8562221-03:00
RPA0017,b6a37411-51e1-4484-853e-ac681e05bf1d,WORKER - Giros BCI,2022-01-25T18:49:54.0073148-03:00
RPA0017,750b80ad-00ec-4153-ba11-08e3f1db8c23,WORKER - Giros BCI,2022-01-25T18:52:49.0570753-03:00
RPA0017,85f19b13-41fe-4daa-aa0a-de600ba51796,WORKER - Giros BCI,2022-01-25T18:56:08.8603945-03:00
RPA0017,8c374159-14dd-49b1-848e-76581bb43a8a,WORKER - Giros BCI,2022-01-25T18:59:06.0702234-03:00
RPA0009,a4cda0f5-d0bf-4576-ac33-cb702304af29,WORKER - Garantias,2022-01-25T18:59:49.410257-03:00
RPA0017,8bd5cc3e-6739-46c6-8e68-147da420ab9f,WORKER - Giros BCI,2022-01-25T19:01:57.7106475-03:00
RPA0009,4ea12ccc-8a0b-4815-b38e-b928b0dee8dd,WORKER - Garantias,2022-01-25T19:04:04.0966038-03:00
RPA0017,e875e35d-9dfc-4bab-974e-640243e29165,WORKER - Giros BCI,2022-01-25T19:04:37.3384087-03:00
RPA0017,df7e8c5b-3b73-4b4e-856a-e96771321b09,WORKER - Giros BCI,2022-01-25T19:06:37.289064-03:00
RPA0017,c6d62f47-a783-4ca3-9596-66dc1bbccbe7,WORKER - Giros BCI,2022-01-25T19:08:58.158992-03:00
RPA0017,9c9f1513-234b-4b0d-b35b-f1a6b18de7a8,WORKER - Giros BCI,2022-01-25T19:12:03.8442286-03:00
RPA0009,a0d03462-4702-457e-9ac6-eefde7c46bc0,WORKER - Garantias,2022-01-25T19:13:41.9254304-03:00
RPA0017,a653a5ad-ece6-4781-aadc-71987bf3d391,WORKER - Giros BCI,2022-01-25T19:15:02.329178-03:00
RPA0017,0be23db7-7ed4-494d-91f7-c88427c41bc6,WORKER - Giros BCI,2022-01-25T19:18:23.1807553-03:00
RPA0017,98d86eec-9dc8-4150-823c-346798c77b72,WORKER - Giros BCI,2022-01-25T19:21:11.4347011-03:00
RPA0017,e6085935-7963-4cc3-9609-4aba5c5fc17b,WORKER - Giros BCI,2022-01-25T19:24:08.214646-03:00
RPA0009,80ee91db-bf2d-453c-87b4-c88f0d9b3d41,WORKER - Garantias,2022-01-25T19:25:40.4576865-03:00
RPA0017,65725ca9-2b5a-4e37-a683-25ff8b1ab20a,WORKER - Giros BCI,2022-01-25T19:27:10.2074385-03:00
RPA0017,25a7ed37-7e2c-478f-b843-b1bd05a6d431,WORKER - Giros BCI,2022-01-25T19:29:59.6910728-03:00
RPA0017,5c3fca76-290e-4652-b331-2217b44c95c7,WORKER - Giros BCI,2022-01-25T19:32:47.5985059-03:00
RPA0017,e63b77f8-0c19-428e-8013-7729fdc48402,WORKER - Giros BCI,2022-01-25T19:34:47.5171802-03:00
RPA0017,a2993415-8e14-4b05-9d1f-cf53f0710ddd,WORKER - Giros BCI,2022-01-25T19:37:36.7860895-03:00
RPA0017,92c02a13-c0eb-45ca-9427-6772cd86f6e9,WORKER - Giros BCI,2022-01-25T19:39:44.2312048-03:00
RPA0017,439a2599-bd89-4fe0-9b7a-e19e39aa7b74,WORKER - Giros BCI,2022-01-25T19:41:47.4160871-03:00
RPA0017,8bf1648b-3df2-4bbb-a8d1-7f4f57654b6f,WORKER - Giros BCI,2022-01-25T19:44:49.1946592-03:00
RPA0017,41cb83b0-6355-4a75-bec8-c058f2def2e6,WORKER - Giros BCI,2022-01-25T19:47:43.7631094-03:00
RPA0017,c5cdff11-2e4e-464e-9725-fa266ba3937e,WORKER - Giros BCI,2022-01-25T19:49:38.6522415-03:00
RPA0017,c8783b6f-766d-4c6d-87e7-8981f6bca75b,WORKER - Giros BCI,2022-01-25T19:51:46.5853633-03:00
RPA0017,1f750e66-94d8-4691-a5a2-45090769f179,WORKER - Giros BCI,2022-01-25T19:53:54.3418249-03:00
RPA0017,38014a45-a3f7-42c9-921b-64080d178349,WORKER - Giros BCI,2022-01-25T19:56:45.9819938-03:00
RPA0017,fcf01e25-1af1-4a0e-b206-d048780ebcd4,WORKER - Giros BCI,2022-01-25T19:59:13.1786765-03:00
RPA0017,71a64c53-28b9-47e2-973d-c1bfba243424,WORKER - Giros BCI,2022-01-25T20:01:39.5444907-03:00
RPA0017,e7f1de8c-f6fa-4a96-be4c-79532a31e12d,WORKER - Giros BCI,2022-01-25T20:03:46.7807025-03:00
RPA0017,370e8beb-176e-4f49-bcb7-1d3b8ba3b19e,WORKER - Giros BCI,2022-01-25T20:05:35.5392843-03:00
RPA0017,86f3301a-bb20-46b3-9604-75be9c0fe461,WORKER - Giros BCI,2022-01-25T20:07:39.6776639-03:00
RPA0017,4fbba5e8-8371-4d96-a05e-d715e63bc4a5,WORKER - Giros BCI,2022-01-25T20:09:34.5426154-03:00
RPA0017,607a9467-02c3-4cd5-a14a-77a0279b1a94,WORKER - Giros BCI,2022-01-25T20:11:34.7025483-03:00
RPA0017,683b833c-0264-4750-b035-5a88f9d6b20c,WORKER - Giros BCI,2022-01-25T20:13:35.3229838-03:00
RPA0017,077e9549-f0bd-4d22-bded-a57baed50f9a,WORKER - Giros BCI,2022-01-25T20:15:35.1289203-03:00
RPA0017,5835d97c-7c05-4009-a9fc-76b5ad4cf0a2,WORKER - Giros BCI,2022-01-25T20:17:35.3236769-03:00
RPA0017,1a48921a-8668-402a-88a4-444db2564c62,WORKER - Giros BCI,2022-01-25T20:19:35.6743484-03:00
RPA0017,68cf25e5-9aed-4083-b9f9-ce6425bb5578,WORKER - Giros BCI,2022-01-25T20:21:40.321092-03:00
RPA0017,80eff4d2-e13d-4231-81ff-9948b74e983f,WORKER - Giros BCI,2022-01-25T20:23:36.2707409-03:00
RPA0017,bd94783a-7d9c-41ba-b6bb-df6682559c5f,WORKER - Giros BCI,2022-01-25T20:25:34.821997-03:00
RPA0017,b11c7f5e-0c12-4919-a36f-786e2672455b,WORKER - Giros BCI,2022-01-25T20:27:34.987287-03:00
RPA0017,cd2834e3-c08d-4dfe-b9a5-1e98907f3b7d,WORKER - Giros BCI,2022-01-25T20:29:34.8709753-03:00
RPA0017,afb6b9e3-336e-4ebf-a769-bb9c54d8b622,WORKER - Giros BCI,2022-01-25T20:31:35.6455338-03:00
,5265a8ec-057b-4c7d-a520-a3c6fd6c1318,WORKER - LIQUIDACIONES POLIZAS,2022-01-25T21:30:58.5894417-03:00
RPA0012,08d7059b-826e-425e-8bc6-877efbd187e3,WORKER - Mantencion Dolar & IPC,2022-01-26T07:42:48.6641776-03:00
RPA0012,6881e25b-3ab2-48bb-bc63-262722c81578,WORKER - Mantencion Dolar & IPC,2022-01-26T07:56:32.2352385-03:00
RPA0003,b40aa8a3-fdc8-4dba-99d8-05146788db93,Actualizacion pizarra,2022-01-26T08:09:12.8265893-03:00
RPA0012,1f2967f7-640f-4cac-a723-f3f670ea5604,WORKER - Mantencion Dolar & IPC,2022-01-26T08:14:33.6474954-03:00
RPA0012,8102b745-0277-4e75-82e1-c98412b26722,WORKER - Mantencion Dolar & IPC,2022-01-26T08:39:42.1354275-03:00
RPA0003,1a5a3891-b658-4287-81c2-cf7aaf3baf45,Actualizacion pizarra,2022-01-26T08:44:07.1013909-03:00
RPA0012,1dd4342e-32e8-455f-a937-0d3ca61a7a64,WORKER - Mantencion Dolar & IPC,2022-01-26T08:53:08.6913029-03:00
RPA0017,898eedfd-ce71-4ab9-862b-a302b72bdd62,WORKER - Giros BCI,2022-01-26T08:54:28.7365263-03:00
RPA0017,4e9baffe-7baa-4b44-8155-9152c7fc205a,WORKER - Giros BCI,2022-01-26T08:56:46.8921653-03:00
RPA0017,0914a5c2-714b-43b1-85a2-589638fcb801,WORKER - Giros BCI,2022-01-26T08:58:33.0253186-03:00
RPA0017,2b1e21ce-73aa-4b2a-8ee0-830380458392,WORKER - Giros BCI,2022-01-26T09:00:31.8395451-03:00
RPA0017,9fb76a09-03fa-4fc4-8a7a-d29a93a9cd1e,WORKER - Giros BCI,2022-01-26T09:03:52.7494393-03:00
RPA0017,f8541507-ad47-43e3-af79-dbc3c526d419,WORKER - Giros BCI,2022-01-26T09:06:56.3877373-03:00
RPA0017,83c98466-4b12-4aa7-b1b0-538ca99add64,WORKER - Giros BCI,2022-01-26T09:09:37.7898791-03:00
RPA0012,5ab42f13-301c-42ae-8896-6737f93c99f4,WORKER - Mantencion Dolar & IPC,2022-01-26T09:11:23.5111744-03:00
RPA0017,a79a0f27-71a7-4249-a25e-47b7c0e42d83,WORKER - Giros BCI,2022-01-26T09:11:44.4842628-03:00
RPA0003,8d1e4596-0b3f-457d-aaab-5ab2bbdc6e5c,Actualizacion pizarra,2022-01-26T09:12:55.1463941-03:00
RPA0017,45eedaff-e1af-4909-a4ea-f81804d9c612,WORKER - Giros BCI,2022-01-26T09:13:51.2302385-03:00
RPA0017,62a8c366-d3b6-47cc-b8cd-e8c33994c57c,WORKER - Giros BCI,2022-01-26T09:16:32.719966-03:00
RPA0017,9de2d781-402a-47ac-b8e3-ae83fafc57b4,WORKER - Giros BCI,2022-01-26T09:18:41.8587137-03:00
RPA0017,a61bce2a-a923-4fdc-bada-8a66649c2b3a,WORKER - Giros BCI,2022-01-26T09:20:47.0316667-03:00
RPA0017,7701abf6-731d-491a-9351-7a563a15fe78,WORKER - Giros BCI,2022-01-26T09:22:31.6403366-03:00
RPA0017,b00cc3ce-1a02-45b9-af31-78ef4ed3a9af,WORKER - Giros BCI,2022-01-26T09:24:40.7697353-03:00
RPA0017,e9ee6b0f-bd0a-414e-a0bf-1e008b66ad25,WORKER - Giros BCI,2022-01-26T09:26:45.9039045-03:00
RPA0017,6342d5be-4b46-4074-a291-27a232f68704,WORKER - Giros BCI,2022-01-26T09:28:32.1350989-03:00
RPA0012,dddafceb-567a-4991-bc3e-d5f04d98c73f,WORKER - Mantencion Dolar & IPC,2022-01-26T09:28:48.4901357-03:00
RPA0017,bd12ead6-04d6-401d-bb69-98676b737afe,WORKER - Giros BCI,2022-01-26T09:30:41.0085832-03:00
RPA0017,7cface7d-0ac4-45b0-b730-6c363d029b01,WORKER - Giros BCI,2022-01-26T09:32:50.4542816-03:00
RPA0003,af4f3cb6-ead9-415b-8c52-c572f9e1b5fd,Actualizacion pizarra,2022-01-26T09:35:38.3957444-03:00
RPA0017,83d2b916-280a-4886-bfd1-9692cb8837f6,WORKER - Giros BCI,2022-01-26T09:36:01.4553863-03:00
RPA0017,48c70dce-d495-4c3c-a6bb-9e17c653487f,WORKER - Giros BCI,2022-01-26T09:38:47.7148931-03:00
RPA0017,d20aba49-2359-4f64-a003-116715b168d1,WORKER - Giros BCI,2022-01-26T09:41:47.1393294-03:00
RPA0017,20ee543e-5722-4ae1-9e73-f2d0e0e03d1e,WORKER - Giros BCI,2022-01-26T09:43:33.5392814-03:00
RPA0017,2e98da50-d14b-4d91-b11a-3823684045fb,WORKER - Giros BCI,2022-01-26T09:45:36.0465453-03:00
RPA0017,0edb41cf-473b-4c78-8a6a-2b9c6cb600fd,WORKER - Giros BCI,2022-01-26T09:47:39.6045429-03:00
RPA0017,2ad33edb-6697-462a-9c25-d238fde3fab9,WORKER - Giros BCI,2022-01-26T09:49:36.4447059-03:00
RPA0017,1b692cbb-5f35-4007-9747-f3fdca684089,WORKER - Giros BCI,2022-01-26T09:51:35.9130106-03:00
RPA0017,2f8c6f36-9e1b-40c9-b9a3-7b0e05f5c23e,WORKER - Giros BCI,2022-01-26T09:53:57.7505877-03:00
RPA0017,fe2c3918-0b3b-4e30-91a9-6bf45f8222d0,WORKER - Giros BCI,2022-01-26T09:56:47.9018552-03:00
RPA0017,371fc4b7-5155-4eee-b3e0-87a6853bb6df,WORKER - Giros BCI,2022-01-26T09:59:40.7689533-03:00
RPA0017,f4970d68-a019-4268-aa3a-e29153b2b720,WORKER - Giros BCI,2022-01-26T10:01:35.5389207-03:00
RPA0003,91828515-f66a-4ad9-8a5a-f06b0c83430b,Actualizacion pizarra,2022-01-26T10:03:07.1410442-03:00
RPA0017,e062ee92-38f1-41a8-bd83-5318270c7b07,WORKER - Giros BCI,2022-01-26T10:03:40.1211189-03:00
RPA0017,47637a4f-1128-4276-8f04-04fcd260bdec,WORKER - Giros BCI,2022-01-26T10:05:48.9361884-03:00
RPA0017,7767f784-6cb5-47a3-94c0-6b83e7371e6f,WORKER - Giros BCI,2022-01-26T10:08:46.4240074-03:00
RPA0017,064f103a-6b5c-4eee-8187-cf6c3d449f3d,WORKER - Giros BCI,2022-01-26T10:10:29.5922649-03:00
RPA0017,988ed105-be0b-4bc6-8d97-92656074f514,WORKER - Giros BCI,2022-01-26T10:12:51.149725-03:00
RPA0017,92217535-c05e-47e2-aedd-ca57871d9580,WORKER - Giros BCI,2022-01-26T10:15:38.7349352-03:00
RPA0017,09663bab-1776-4ad6-a65b-576233bcefe0,WORKER - Giros BCI,2022-01-26T10:17:58.1231232-03:00
RPA0017,1e7d3a64-583e-42ca-9c4c-bb0d1b1c4644,WORKER - Giros BCI,2022-01-26T10:20:40.5989159-03:00
RPA0017,bd34b313-7f58-4ad6-ba28-26310b5a8e6a,WORKER - Giros BCI,2022-01-26T10:22:52.3868494-03:00
RPA0017,d0204c3a-9efc-4b49-8116-319c4def123a,WORKER - Giros BCI,2022-01-26T10:25:43.0996916-03:00
RPA0017,3ce429b9-ac1c-4ca0-8a89-6ed495025f32,WORKER - Giros BCI,2022-01-26T10:28:52.7660252-03:00
RPA0017,5aa2569f-c7da-43cb-81ee-876f74a95918,WORKER - Giros BCI,2022-01-26T10:31:43.6546088-03:00
RPA0003,34dc5e38-412a-4e0e-ab67-7b725d128310,Actualizacion pizarra,2022-01-26T10:32:05.9125652-03:00
RPA0017,348df702-fcec-4222-9e43-49f842f633b0,WORKER - Giros BCI,2022-01-26T10:34:53.6608674-03:00
RPA0009,68219d7e-5829-433e-9d10-02a7b6574ac5,WORKER - Garantias,2022-01-26T10:36:42.9768379-03:00
RPA0017,16cca95a-0715-4c49-b3da-22ef6e90f05f,WORKER - Giros BCI,2022-01-26T10:37:42.3160941-03:00
RPA0009,bab3b68d-e0b8-4b63-ac88-03f87d10a2e2,WORKER - Garantias,2022-01-26T10:39:51.1139193-03:00
RPA0017,7e97c462-d87f-4d30-ba26-0ec261d2e8c2,WORKER - Giros BCI,2022-01-26T10:40:35.6444347-03:00
RPA0017,33d477de-4277-48c3-8680-56c779b2bc68,WORKER - Giros BCI,2022-01-26T10:42:39.9811687-03:00
RPA0017,6cfd7061-99de-4480-81bf-59bcbaf1ffcd,WORKER - Giros BCI,2022-01-26T10:45:04.4107812-03:00
RPA0017,f496f756-1ccd-4609-9f09-6fb5ceb573e4,WORKER - Giros BCI,2022-01-26T10:47:54.960565-03:00
RPA0009,496efa2e-cbc5-4cac-a289-7e26ef856570,WORKER - Garantias,2022-01-26T10:47:55.9553229-03:00
RPA0017,73421598-88ba-44b5-b883-0f958652b5d4,WORKER - Giros BCI,2022-01-26T10:51:01.795177-03:00
RPA0017,e24e0245-8651-4ec5-aaa5-ef925fda53ba,WORKER - Giros BCI,2022-01-26T10:53:38.996839-03:00
RPA0017,7cda3c3e-ce4e-4187-9ff2-45c80f74b53d,WORKER - Giros BCI,2022-01-26T10:55:33.8557856-03:00
RPA0003,0a990e9c-e2b6-490f-993d-3db498a67150,Actualizacion pizarra,2022-01-26T10:56:33.1257458-03:00
RPA0017,c6204486-a98f-4d85-997b-17aa47c6035c,WORKER - Giros BCI,2022-01-26T10:57:37.6890289-03:00
RPA0017,a94ffbe5-dc42-4695-94c7-00a939ecdb24,WORKER - Giros BCI,2022-01-26T10:59:44.4306719-03:00
RPA0017,ef2bf9a4-224d-42ee-ab2e-0025a8a61028,WORKER - Giros BCI,2022-01-26T11:03:30.5516292-03:00
RPA0009,a1239545-3490-49dd-8b0b-a9079e7deba8,WORKER - Garantias,2022-01-26T11:05:11.1592608-03:00
RPA0017,0f7f64f2-4572-4390-a12e-f1298a24f0c9,WORKER - Giros BCI,2022-01-26T11:06:30.5056418-03:00
RPA0017,e0d5ac23-ed93-4153-a4a5-c74ea40e0951,WORKER - Giros BCI,2022-01-26T11:08:59.3014277-03:00
RPA0017,575939e7-63b3-49ec-a67b-c7ee55b125a5,WORKER - Giros BCI,2022-01-26T11:12:27.3950949-03:00
RPA0017,96e54d32-f0a0-4b28-b23e-5b5b5d7c5bdd,WORKER - Giros BCI,2022-01-26T11:15:09.2517246-03:00
RPA0009,49b6bbea-6862-4d57-8500-3ff9cca5ad3f,WORKER - Garantias,2022-01-26T11:15:11.4570519-03:00
RPA0017,2011897d-a2e3-47ea-9f5c-b2ef0c2b32e4,WORKER - Giros BCI,2022-01-26T11:18:05.6673062-03:00
RPA0017,5f5acf2f-09a6-4245-a913-453618c8eda8,WORKER - Giros BCI,2022-01-26T11:20:44.1433203-03:00
RPA0017,25e6302d-5b69-4c87-bab1-691a9fbad148,WORKER - Giros BCI,2022-01-26T11:22:34.3052173-03:00
RPA0009,4ca72b33-9472-4f9c-84a0-11984c9a5a88,WORKER - Garantias,2022-01-26T11:22:39.3655038-03:00
RPA0017,b035fbc0-8ace-428f-9036-5422057f4d32,WORKER - Giros BCI,2022-01-26T11:24:41.590063-03:00
RPA0017,50f709b7-85cd-4f51-8e4d-96177ceb0400,WORKER - Giros BCI,2022-01-26T11:26:37.1670652-03:00
RPA0003,6ec783c1-b16a-49be-9810-9e9a1206b98d,Actualizacion pizarra,2022-01-26T11:28:28.7290488-03:00
RPA0009,4b4fbe99-1a9e-46d0-90f1-39ec08a8c128,WORKER - Garantias,2022-01-26T11:28:42.0327882-03:00
RPA0017,219eccd1-83a2-492b-bb4b-aca589cf65ff,WORKER - Giros BCI,2022-01-26T11:28:53.904756-03:00
RPA0017,5b4b31ab-da48-49e9-ba5d-5ad4143d8c3e,WORKER - Giros BCI,2022-01-26T11:31:34.910435-03:00
RPA0017,ca9852a8-8554-41fe-9183-5c37470daf6d,WORKER - Giros BCI,2022-01-26T11:33:47.0351751-03:00
RPA0017,f5d70e57-e243-4d1b-b04f-a18fdf676ef0,WORKER - Giros BCI,2022-01-26T11:36:52.1826099-03:00
RPA0009,4eb6a271-da3d-4b27-87cd-d2dc71d6efd0,WORKER - Garantias,2022-01-26T11:37:17.3595384-03:00
RPA0017,995d7a33-732a-4168-84b2-91c4c7f3775a,WORKER - Giros BCI,2022-01-26T11:39:34.4610446-03:00
RPA0017,bfc2b5a9-77c6-4082-b2ad-442cf057da4c,WORKER - Giros BCI,2022-01-26T11:41:58.4830129-03:00
RPA0009,4405bb47-2a41-47e3-a624-864752117341,WORKER - Garantias,2022-01-26T11:44:28.2713041-03:00
RPA0017,21def4a4-07ca-41e9-9b3e-82768ee7b963,WORKER - Giros BCI,2022-01-26T11:44:56.651597-03:00
RPA0017,a134e627-d413-4658-ba27-63aaf92857d1,WORKER - Giros BCI,2022-01-26T11:48:01.1601334-03:00
RPA0017,15d58eda-383c-47b3-8458-f1c2c138511d,WORKER - Giros BCI,2022-01-26T11:50:48.7097312-03:00
RPA0009,e45eaa39-1ece-441e-b4eb-c6e9532fa700,WORKER - Garantias,2022-01-26T11:51:02.8124603-03:00
RPA0003,a7852e03-cee5-4f6d-8cd9-fd637a7b13b6,Actualizacion pizarra,2022-01-26T11:53:45.5821402-03:00
RPA0017,acb91eb5-af93-453f-b2f0-73333dcceee7,WORKER - Giros BCI,2022-01-26T11:54:03.8442617-03:00
RPA0017,88505976-b294-44f0-af98-493f8333c6aa,WORKER - Giros BCI,2022-01-26T11:56:47.3123484-03:00
RPA0009,494236c9-8304-4f2d-a9bc-f669ac36dc52,WORKER - Garantias,2022-01-26T11:59:01.7142287-03:00
RPA0017,240f27ff-f04f-434d-a9d5-1ed2c0f81694,WORKER - Giros BCI,2022-01-26T12:00:03.4502009-03:00
RPA0017,7c0fcb61-9ffc-4d36-8db0-6af832b76273,WORKER - Giros BCI,2022-01-26T12:02:52.817179-03:00
RPA0017,31240af5-7382-4726-93e0-3ddd41c76320,WORKER - Giros BCI,2022-01-26T12:06:05.4189329-03:00
RPA0017,7ac39bdd-1f19-4bf8-8f0b-8af9dbd95475,WORKER - Giros BCI,2022-01-26T12:09:07.5765481-03:00
RPA0017,0ebc7f3a-72e8-4661-b45f-c012de3e0cd9,WORKER - Giros BCI,2022-01-26T12:11:57.4322885-03:00
RPA0017,ad1952bb-570e-4b9a-8408-7d5758dbaa51,WORKER - Giros BCI,2022-01-26T12:15:04.2316224-03:00
RPA0009,be92efc4-b9b5-4c12-bf9d-355b943caf52,WORKER - Garantias,2022-01-26T12:16:55.0865929-03:00
RPA0017,a6a41504-989c-4660-8933-7e75b9cda233,WORKER - Giros BCI,2022-01-26T12:17:46.4998708-03:00
RPA0017,1a370885-beec-44fa-be28-4a846da79f34,WORKER - Giros BCI,2022-01-26T12:19:36.0315061-03:00
RPA0003,448d1123-c629-4920-88a0-7e2f359fef24,Actualizacion pizarra,2022-01-26T12:19:56.7914486-03:00
RPA0017,294f63f2-25a7-445e-835d-3dc4e6c34dee,WORKER - Giros BCI,2022-01-26T12:22:07.3939457-03:00
RPA0017,fdeea6c3-13b4-4426-8532-05bc507a2ce2,WORKER - Giros BCI,2022-01-26T12:24:51.6734425-03:00
RPA0017,6ebc43d4-dcba-4021-954e-4c5e3d086da5,WORKER - Giros BCI,2022-01-26T12:27:42.0830242-03:00
RPA0017,7d7f4b9d-ccf4-484b-a3a0-bc84bc9c7d1b,WORKER - Giros BCI,2022-01-26T12:29:51.9287694-03:00
RPA0017,5b61a50d-0d53-4319-a1d8-c5bb2d6d2ed3,WORKER - Giros BCI,2022-01-26T12:33:02.3902053-03:00
RPA0017,2f90e10e-de69-4d73-b8f7-3d7f44324922,WORKER - Giros BCI,2022-01-26T12:36:09.6391484-03:00
RPA0017,68bf4c6e-269c-403d-89ff-4a328153c10c,WORKER - Giros BCI,2022-01-26T12:38:50.4337914-03:00
RPA0009,ff340e27-27a6-4c5d-932c-a70bf5ebb30b,WORKER - Garantias,2022-01-26T12:39:10.9950158-03:00
RPA0017,6b2b0345-7afd-4c87-8bb3-7c1291f0ec6c,WORKER - Giros BCI,2022-01-26T12:41:41.907128-03:00
RPA0017,e19507b9-e8a0-4028-a72d-a3be9fb63ac4,WORKER - Giros BCI,2022-01-26T12:43:36.0697591-03:00
RPA0009,98f75aee-bd01-425b-9683-6941749e672a,WORKER - Garantias,2022-01-26T12:44:50.8418419-03:00
RPA0003,3608e1b4-c9f1-467b-b491-7ad05b923e12,Actualizacion pizarra,2022-01-26T12:45:04.8710736-03:00
RPA0017,8374b7b9-2182-4dff-8e06-418811e5fe09,WORKER - Giros BCI,2022-01-26T12:45:57.7052729-03:00
